"state","population_2020","population_2025","population_change","growth_pct","rank_growth","rank_change"
"Idaho",1849328,2029733,180405,9.75516511943798,1,14
"Florida",21591325,23462518,1871193,8.66641116281655,2,2
"South Carolina",5131992,5570274,438282,8.54019258019108,3,5
"Texas",29237895,31709821,2471926,8.454527933697,4,1
"Utah",3283970,3538904,254934,7.76298200044458,5,10
"North Carolina",10450215,11197968,747753,7.1553838844464,6,3
"Delaware",991890,1059952,68062,6.86184960025809,7,27
"Arizona",7186647,7623818,437171,6.08310106228955,8,6
"Tennessee",6927736,7315076,387340,5.59114839249071,9,7
"South Dakota",887808,935094,47286,5.32615160034602,10,34
"Georgia",10732595,11302748,570153,5.31234990233024,11,4
"Nevada",3116851,3282188,165337,5.30461674298836,12,16
"Montana",1087156,1144694,57538,5.29252471586415,13,29
"Oklahoma",3965243,4123288,158045,3.98575824987271,14,18
"Colorado",5786873,6012561,225688,3.89999918781698,15,12
"Maine",1364546,1414874,50328,3.68825968490619,16,32
"Washington",7726812,8001020,274208,3.54878570877614,17,9
"Arkansas",3014399,3114791,100392,3.33041511757402,18,23
"Alabama",5032962,5193088,160126,3.1815459763058,19,17
"Connecticut",3579643,3688496,108853,3.04088983175138,20,21
"New Jersey",9270476,9548215,277739,2.99595187992504,21,8
"Virginia",8637303,8880107,242804,2.81110897695728,22,11
"Nebraska",1963318,2018006,54688,2.78548864727976,23,31
"Indiana",6790290,6973333,183043,2.69565806467765,24,13
"New Hampshire",1378752,1415342,36590,2.65384927818781,25,36
"North Dakota",779612,799358,19746,2.53279836636686,26,38
"Massachusetts",6985320,7154084,168764,2.41598094289166,27,15
"Kentucky",4508271,4606864,98593,2.18693596724775,28,24
"Minnesota",5710562,5830405,119843,2.09862006576586,29,19
"Wyoming",577669,588753,11084,1.918745856191,30,40
"Missouri",6155074,6270541,115467,1.87596444819347,31,20
"Rhode Island",1096487,1114521,18034,1.64470714199074,32,39
"Iowa",3191081,3238387,47306,1.48244435036278,33,33
"Maryland",6178387,6265347,86960,1.40748709978834,34,25
"Kansas",2938274,2977220,38946,1.32547202881692,35,35
"Wisconsin",5897371,5972787,75416,1.27880711591657,36,26
"Ohio",11798534,11900510,101976,0.864310769456612,37,22
"Oregon",4243544,4273586,30042,0.707945999852953,38,37
"Alaska",732906,737270,4364,0.595437886986871,39,42
"Michigan",10072294,10127884,55590,0.5519100216892,40,30
"Pennsylvania",12995576,13059432,63856,0.491367216043367,41,28
"New Mexico",2118446,2125498,7052,0.332885520801569,42,41
"Vermont",642965,644663,1698,0.264089025063573,43,43
"Mississippi",2958385,2954160,-4225,-0.142814407185001,44,44
"California",39527808,39355309,-172499,-0.436399104144606,45,50
"New York",20122262,20002427,-119835,-0.595534438424467,46,49
"Illinois",12795348,12719141,-76207,-0.595583644930955,47,48
"Louisiana",4652145,4618189,-33956,-0.729899863396347,48,47
"Hawaii",1451130,1432820,-18310,-1.26177530614073,49,45
"West Virginia",1791670,1766147,-25523,-1.42453688458254,50,46
