"STATE","NAME","POPESTIMATE2020","POPESTIMATE2021","POPESTIMATE2022","POPESTIMATE2023","POPESTIMATE2024","POPESTIMATE2025"
"01","Alabama",5032962,5050058,5076868,5117850,5163055,5193088
"02","Alaska",732906,734590,733659,734654,736537,737270
"04","Arizona",7186647,7274022,7370065,7452073,7556424,7623818
"05","Arkansas",3014399,3027127,3047429,3069856,3096080,3114791
"06","California",39527808,39152927,39125347,39181667,39364774,39355309
"08","Colorado",5786873,5814368,5853355,5912240,5988502,6012561
"09","Connecticut",3579643,3607765,3618707,3641369,3674449,3688496
"10","Delaware",991890,1005130,1020279,1035354,1050123,1059952
"12","Florida",21591325,21836698,22413989,22929248,23265838,23462518
"13","Georgia",10732595,10793038,10929992,11063669,11204208,11302748
"15","Hawaii",1451130,1446909,1437812,1434950,1434952,1432820
"16","Idaho",1849328,1904855,1942951,1970497,2000872,2029733
"17","Illinois",12795348,12703354,12609577,12633389,12703033,12719141
"18","Indiana",6790290,6814223,6841491,6881373,6934754,6973333
"19","Iowa",3191081,3199037,3201890,3214739,3230454,3238387
"20","Kansas",2938274,2938966,2938034,2949749,2965252,2977220
"21","Kentucky",4508271,4508348,4521238,4549953,4584046,4606864
"22","Louisiana",4652145,4628595,4600892,4598777,4614878,4618189
"23","Maine",1364546,1379009,1391585,1401992,1408438,1414874
"24","Maryland",6178387,6176035,6183257,6204927,6245314,6265347
"25","Massachusetts",6985320,6996721,7025465,7073479,7138560,7154084
"26","Michigan",10072294,10042362,10043906,10062124,10099962,10127884
"27","Minnesota",5710562,5714055,5727565,5752998,5797405,5830405
"28","Mississippi",2958385,2947603,2941237,2942470,2950172,2954160
"29","Missouri",6155074,6172551,6179285,6205956,6243544,6270541
"30","Montana",1087156,1106416,1121533,1130612,1137557,1144694
"31","Nebraska",1963318,1964697,1972595,1988172,2005591,2018006
"32","Nevada",3116851,3148472,3177672,3211077,3253543,3282188
"33","New Hampshire",1378752,1387907,1396647,1401530,1408518,1415342
"34","New Jersey",9270476,9266509,9298402,9395315,9506354,9548215
"35","New Mexico",2118446,2117300,2112859,2119349,2126774,2125498
"36","New York",20122262,19835345,19713025,19786543,20001419,20002427
"37","North Carolina",10450215,10565503,10705768,10871849,11052061,11197968
"38","North Dakota",779612,777977,780191,787071,793387,799358
"39","Ohio",11798534,11761443,11764950,11808390,11860621,11900510
"40","Oklahoma",3965243,3992760,4025327,4062716,4097758,4123288
"41","Oregon",4243544,4254691,4245964,4250392,4265324,4273586
"42","Pennsylvania",12995576,13016628,12984655,13009406,13045848,13059432
"44","Rhode Island",1096487,1097381,1098275,1101183,1110415,1114521
"45","South Carolina",5131992,5194346,5288957,5390798,5490316,5570274
"46","South Dakota",887808,896303,909156,917739,927110,935094
"47","Tennessee",6927736,6966687,7063325,7153029,7251291,7315076
"48","Texas",29237895,29572672,30118002,30719247,31318578,31709821
"49","Utah",3283970,3339874,3393928,3449259,3502983,3538904
"50","Vermont",642965,647238,647614,647722,646521,644663
"51","Virginia",8637303,8660007,8681038,8732034,8819642,8880107
"53","Washington",7726812,7744316,7786828,7838655,7927958,8001020
"54","West Virginia",1791670,1785921,1774003,1770036,1767402,1766147
"55","Wisconsin",5897371,5882128,5903472,5930350,5957168,5972787
"56","Wyoming",577669,579662,581742,584666,586722,588753
