"state","year","population","population_index"
"Alabama",2020,5032962,100
"Alaska",2020,732906,100
"Arizona",2020,7186647,100
"Arkansas",2020,3014399,100
"California",2020,39527808,100
"Colorado",2020,5786873,100
"Connecticut",2020,3579643,100
"Delaware",2020,991890,100
"Florida",2020,21591325,100
"Georgia",2020,10732595,100
"Hawaii",2020,1451130,100
"Idaho",2020,1849328,100
"Illinois",2020,12795348,100
"Indiana",2020,6790290,100
"Iowa",2020,3191081,100
"Kansas",2020,2938274,100
"Kentucky",2020,4508271,100
"Louisiana",2020,4652145,100
"Maine",2020,1364546,100
"Maryland",2020,6178387,100
"Massachusetts",2020,6985320,100
"Michigan",2020,10072294,100
"Minnesota",2020,5710562,100
"Mississippi",2020,2958385,100
"Missouri",2020,6155074,100
"Montana",2020,1087156,100
"Nebraska",2020,1963318,100
"Nevada",2020,3116851,100
"New Hampshire",2020,1378752,100
"New Jersey",2020,9270476,100
"New Mexico",2020,2118446,100
"New York",2020,20122262,100
"North Carolina",2020,10450215,100
"North Dakota",2020,779612,100
"Ohio",2020,11798534,100
"Oklahoma",2020,3965243,100
"Oregon",2020,4243544,100
"Pennsylvania",2020,12995576,100
"Rhode Island",2020,1096487,100
"South Carolina",2020,5131992,100
"South Dakota",2020,887808,100
"Tennessee",2020,6927736,100
"Texas",2020,29237895,100
"Utah",2020,3283970,100
"Vermont",2020,642965,100
"Virginia",2020,8637303,100
"Washington",2020,7726812,100
"West Virginia",2020,1791670,100
"Wisconsin",2020,5897371,100
"Wyoming",2020,577669,100
"Alabama",2021,5050058,100.339680689026
"Alaska",2021,734590,100.229770257032
"Arizona",2021,7274022,101.215796462523
"Arkansas",2021,3027127,100.422240055149
"California",2021,39152927,99.0516018495131
"Colorado",2021,5814368,100.475127067762
"Connecticut",2021,3607765,100.78560906772
"Delaware",2021,1005130,101.334825434272
"Florida",2021,21836698,101.136442529581
"Georgia",2021,10793038,100.563172280329
"Hawaii",2021,1446909,99.7091232349962
"Idaho",2021,1904855,103.002550115501
"Illinois",2021,12703354,99.2810355763673
"Indiana",2021,6814223,100.35245917332
"Iowa",2021,3199037,100.249319901312
"Kansas",2021,2938966,100.023551241307
"Kentucky",2021,4508348,100.001707971859
"Louisiana",2021,4628595,99.4937819006071
"Maine",2021,1379009,101.05991296739
"Maryland",2021,6176035,99.9619318116525
"Massachusetts",2021,6996721,100.16321371104
"Michigan",2021,10042362,99.7028283725634
"Minnesota",2021,5714055,100.06116735971
"Mississippi",2021,2947603,99.6355443933092
"Missouri",2021,6172551,100.283944595954
"Montana",2021,1106416,101.771594876908
"Nebraska",2021,1964697,100.070238239552
"Nevada",2021,3148472,101.014517537091
"New Hampshire",2021,1387907,100.664006289746
"New Jersey",2021,9266509,99.9572082382825
"New Mexico",2021,2117300,99.9459037426491
"New York",2021,19835345,98.5741314768688
"North Carolina",2021,10565503,101.103211752103
"North Dakota",2021,777977,99.7902802932741
"Ohio",2021,11761443,99.6856304351032
"Oklahoma",2021,3992760,100.693954948032
"Oregon",2021,4254691,100.262681381411
"Pennsylvania",2021,13016628,100.161993589203
"Rhode Island",2021,1097381,100.081533114392
"South Carolina",2021,5194346,101.215005791124
"South Dakota",2021,896303,100.956851030854
"Tennessee",2021,6966687,100.562247175701
"Texas",2021,29572672,101.145010610374
"Utah",2021,3339874,101.702329802038
"Vermont",2021,647238,100.664577387572
"Virginia",2021,8660007,100.262859830204
"Washington",2021,7744316,100.226535859809
"West Virginia",2021,1785921,99.6791261783699
"Wisconsin",2021,5882128,99.7415288948245
"Wyoming",2021,579662,100.345007261944
"Alabama",2022,5076868,100.87236899464
"Alaska",2022,733659,100.102741688566
"Arizona",2022,7370065,102.552205500006
"Arkansas",2022,3047429,101.095740809362
"California",2022,39125347,98.9818281853626
"Colorado",2022,5853355,101.148841524602
"Connecticut",2022,3618707,101.091282007731
"Delaware",2022,1020279,102.862111726099
"Florida",2022,22413989,103.810159867447
"Georgia",2022,10929992,101.839229002865
"Hawaii",2022,1437812,99.0822324671118
"Idaho",2022,1942951,105.062541636746
"Illinois",2022,12609577,98.5481364008232
"Indiana",2022,6841491,100.754032596546
"Iowa",2022,3201890,100.338725341036
"Kansas",2022,2938034,99.9918319394311
"Kentucky",2022,4521238,100.287626897318
"Louisiana",2022,4600892,98.8982931529434
"Maine",2022,1391585,101.98153818193
"Maryland",2022,6183257,100.078823162097
"Massachusetts",2022,7025465,100.574705238987
"Michigan",2022,10043906,99.718157551795
"Minnesota",2022,5727565,100.297746526524
"Mississippi",2022,2941237,99.4203594190749
"Missouri",2022,6179285,100.393350266788
"Montana",2022,1121533,103.162103690731
"Nebraska",2022,1972595,100.472516423728
"Nevada",2022,3177672,101.951360523811
"New Hampshire",2022,1396647,101.29791289514
"New Jersey",2022,9298402,100.301235880445
"New Mexico",2022,2112859,99.7362689443111
"New York",2022,19713025,97.9662475322108
"North Carolina",2022,10705768,102.445432940853
"North Dakota",2022,780191,100.074267712657
"Ohio",2022,11764950,99.7153544669194
"Oklahoma",2022,4025327,101.515266529693
"Oregon",2022,4245964,100.057027805061
"Pennsylvania",2022,12984655,99.9159637094962
"Rhode Island",2022,1098275,100.163066228783
"South Carolina",2022,5288957,103.058558937738
"South Dakota",2022,909156,102.404573961938
"Tennessee",2022,7063325,101.957190631976
"Texas",2022,30118002,103.010158563057
"Utah",2022,3393928,103.34832535011
"Vermont",2022,647614,100.723056464971
"Virginia",2022,8681038,100.506350188247
"Washington",2022,7786828,100.776723958083
"West Virginia",2022,1774003,99.0139367182573
"Wisconsin",2022,5903472,100.103452877562
"Wyoming",2022,581742,100.70507505163
"Alabama",2023,5117850,101.686640987951
"Alaska",2023,734654,100.238502618344
"Arizona",2023,7452073,103.693321795268
"Arkansas",2023,3069856,101.839736544499
"California",2023,39181667,99.1243101565359
"Colorado",2023,5912240,102.166403167998
"Connecticut",2023,3641369,101.724361898659
"Delaware",2023,1035354,104.381937513232
"Florida",2023,22929248,106.196576634366
"Georgia",2023,11063669,103.08475256916
"Hawaii",2023,1434950,98.8850068567254
"Idaho",2023,1970497,106.552055665626
"Illinois",2023,12633389,98.7342352861368
"Indiana",2023,6881373,101.341371281639
"Iowa",2023,3214739,100.741378861897
"Kansas",2023,2949749,100.39053539595
"Kentucky",2023,4549953,100.924567311947
"Louisiana",2023,4598777,98.8528302535712
"Maine",2023,1401992,102.744209429363
"Maryland",2023,6204927,100.429561955248
"Massachusetts",2023,7073479,101.262061007942
"Michigan",2023,10062124,99.8990299528588
"Minnesota",2023,5752998,100.743114250401
"Mississippi",2023,2942470,99.4620375644144
"Missouri",2023,6205956,100.826667559155
"Montana",2023,1130612,103.997218430474
"Nebraska",2023,1988172,101.265918205813
"Nevada",2023,3211077,103.023115317351
"New Hampshire",2023,1401530,101.652073759458
"New Jersey",2023,9395315,101.346629881788
"New Mexico",2023,2119349,100.042625584981
"New York",2023,19786543,98.3316040711526
"North Carolina",2023,10871849,104.034692109205
"North Dakota",2023,787071,100.956757977045
"Ohio",2023,11808390,100.08353580199
"Oklahoma",2023,4062716,102.458184782118
"Oregon",2023,4250392,100.161374549198
"Pennsylvania",2023,13009406,100.106420831212
"Rhode Island",2023,1101183,100.428276851436
"South Carolina",2023,5390798,105.042993052211
"South Dakota",2023,917739,103.371337045848
"Tennessee",2023,7153029,103.252043669101
"Texas",2023,30719247,105.066548053476
"Utah",2023,3449259,105.033206758892
"Vermont",2023,647722,100.739853646777
"Virginia",2023,8732034,101.096765969655
"Washington",2023,7838655,101.44746630305
"West Virginia",2023,1770036,98.7925231767011
"Wisconsin",2023,5930350,100.559215284234
"Wyoming",2023,584666,101.211247271361
"Alabama",2024,5163055,102.584819833728
"Alaska",2024,736537,100.495425061331
"Arizona",2024,7556424,105.145334117566
"Arkansas",2024,3096080,102.709694370254
"California",2024,39364774,99.5875460637736
"Colorado",2024,5988502,103.484247883097
"Connecticut",2024,3674449,102.648476398345
"Delaware",2024,1050123,105.870913105284
"Florida",2024,23265838,107.755489762671
"Georgia",2024,11204208,104.39421221056
"Hawaii",2024,1434952,98.8851446803526
"Idaho",2024,2000872,108.194544180373
"Illinois",2024,12703033,99.2785268521028
"Indiana",2024,6934754,102.12750854529
"Iowa",2024,3230454,101.23384520794
"Kansas",2024,2965252,100.918158075115
"Kentucky",2024,4584046,101.680799579262
"Louisiana",2024,4614878,99.1989286662389
"Maine",2024,1408438,103.216600979373
"Maryland",2024,6245314,101.083243895211
"Massachusetts",2024,7138560,102.193743450551
"Michigan",2024,10099962,100.274694126283
"Minnesota",2024,5797405,101.520743492497
"Mississippi",2024,2950172,99.722382313323
"Missouri",2024,6243544,101.437350712599
"Montana",2024,1137557,104.63604119372
"Nebraska",2024,2005591,102.15314075458
"Nevada",2024,3253543,104.385580189749
"New Hampshire",2024,1408518,102.158908926333
"New Jersey",2024,9506354,102.544400093372
"New Mexico",2024,2126774,100.393118351848
"New York",2024,20001419,99.3994561843991
"North Carolina",2024,11052061,105.759173375859
"North Dakota",2024,793387,101.766904562783
"Ohio",2024,11860621,100.526226393889
"Oklahoma",2024,4097758,103.341913723825
"Oregon",2024,4265324,100.513250245549
"Pennsylvania",2024,13045848,100.38683933671
"Rhode Island",2024,1110415,101.27023849804
"South Carolina",2024,5490316,106.982162092225
"South Dakota",2024,927110,104.4268580594
"Tennessee",2024,7251291,104.670429127207
"Texas",2024,31318578,107.116391244992
"Utah",2024,3502983,106.669153494094
"Vermont",2024,646521,100.553062763914
"Virginia",2024,8819642,102.111064067105
"Washington",2024,7927958,102.603221095583
"West Virginia",2024,1767402,98.6455094967265
"Wisconsin",2024,5957168,101.013960288406
"Wyoming",2024,586722,101.567160432705
"Alabama",2025,5193088,103.181545976306
"Alaska",2025,737270,100.595437886987
"Arizona",2025,7623818,106.08310106229
"Arkansas",2025,3114791,103.330415117574
"California",2025,39355309,99.5636008958554
"Colorado",2025,6012561,103.899999187817
"Connecticut",2025,3688496,103.040889831751
"Delaware",2025,1059952,106.861849600258
"Florida",2025,23462518,108.666411162817
"Georgia",2025,11302748,105.31234990233
"Hawaii",2025,1432820,98.7382246938593
"Idaho",2025,2029733,109.755165119438
"Illinois",2025,12719141,99.404416355069
"Indiana",2025,6973333,102.695658064678
"Iowa",2025,3238387,101.482444350363
"Kansas",2025,2977220,101.325472028817
"Kentucky",2025,4606864,102.186935967248
"Louisiana",2025,4618189,99.2701001366037
"Maine",2025,1414874,103.688259684906
"Maryland",2025,6265347,101.407487099788
"Massachusetts",2025,7154084,102.415980942892
"Michigan",2025,10127884,100.551910021689
"Minnesota",2025,5830405,102.098620065766
"Mississippi",2025,2954160,99.857185592815
"Missouri",2025,6270541,101.875964448193
"Montana",2025,1144694,105.292524715864
"Nebraska",2025,2018006,102.78548864728
"Nevada",2025,3282188,105.304616742988
"New Hampshire",2025,1415342,102.653849278188
"New Jersey",2025,9548215,102.995951879925
"New Mexico",2025,2125498,100.332885520802
"New York",2025,20002427,99.4044655615755
"North Carolina",2025,11197968,107.155383884446
"North Dakota",2025,799358,102.532798366367
"Ohio",2025,11900510,100.864310769457
"Oklahoma",2025,4123288,103.985758249873
"Oregon",2025,4273586,100.707945999853
"Pennsylvania",2025,13059432,100.491367216043
"Rhode Island",2025,1114521,101.644707141991
"South Carolina",2025,5570274,108.540192580191
"South Dakota",2025,935094,105.326151600346
"Tennessee",2025,7315076,105.591148392491
"Texas",2025,31709821,108.454527933697
"Utah",2025,3538904,107.762982000445
"Vermont",2025,644663,100.264089025064
"Virginia",2025,8880107,102.811108976957
"Washington",2025,8001020,103.548785708776
"West Virginia",2025,1766147,98.5754631154175
"Wisconsin",2025,5972787,101.278807115917
"Wyoming",2025,588753,101.918745856191
